particle_id,birth_time_s,x_mm,y_mm,z_mm,vx_m_s,vy_m_s,vz_m_s,mass_amu,charge_state
1,7.149859187244172e-07,-0.16977538327252226,0.344979182325814,-1.5,71.09107887585878,-59.303446774033645,1962.3563504040535,100.0,1
2,1.2264696314178723e-07,-0.14599023939776096,-0.13583492736430972,-1.5,-44.84056609347958,-7.571217116868513,1964.0125474573517,100.0,1
3,2.282780115530196e-07,0.24433618166890192,0.37876559877754684,-1.5,66.83800547142535,42.57274035028621,1962.940021770864,100.0,1
4,1.1728024752784934e-07,0.07320962339727823,0.40262343070666035,-1.5,3.848060855018272,75.05239436403217,1963.1010205269654,100.0,1
5,6.175533766331518e-07,0.1671229999742675,0.09097691797629358,-1.5,43.14179532420264,93.53541514870669,1961.836689909559,100.0,1
6,2.310677805006452e-07,0.027388924691691584,-0.1649317662205055,-1.5,45.8696811052696,6.7530791229623235,1963.9917653961259,100.0,1
7,5.498778412530482e-07,0.2021732505391394,-0.3237477302993548,-1.5,-149.71773428516678,-2.1670285985270086,1958.824440906765,100.0,1
8,7.286832144017655e-07,0.20600736912634918,0.11351024872494825,-1.5,138.39942109335365,-28.855240401645,1959.4453964345419,100.0,1
9,2.8034581779514576e-08,0.3445387876074319,-0.22969370396735853,-1.5,-42.802480772773485,-54.652134401473404,1963.3120939145642,100.0,1
10,6.182354241886503e-07,0.09651367393415973,0.24256480749660905,-1.5,147.35257639843692,-16.51488471426616,1958.935364701385,100.0,1
11,4.055392744170721e-08,-0.07177088773111626,0.3504538741103766,-1.5,-25.346758218129423,159.8716345837606,1957.8590063049687,100.0,1
12,1.0498808258057521e-07,-0.11061331501867702,-0.4358405021479704,-1.5,115.90899638848835,93.76642882617934,1958.8737191681168,100.0,1
13,5.650321375387287e-07,0.3485685941986853,0.16141078044370485,-1.5,-110.13394384104622,-64.3957794881409,1960.392048612793,100.0,1
14,4.7471873003833587e-07,-0.18969404338308093,-0.32616353185727703,-1.5,3.3654628954936374,101.97341570418881,1961.88770892099,100.0,1
15,1.2691049516780208e-07,-0.1739777287992126,-0.17277302615394582,-1.5,-127.79521928785282,60.883537380833644,1959.432280807198,100.0,1
16,6.288838544420716e-07,0.19589809490102789,0.07547938242196102,-1.5,126.40279294278122,30.586972845135712,1960.2295930055147,100.0,1
17,3.4558554173517217e-07,0.30432651067473987,0.27172871246619545,-1.5,52.83888851954621,-150.35804860156088,1958.0637873539465,100.0,1
18,5.903392505427633e-07,0.3410541767373345,-0.10495270294049033,-1.5,-126.47720967330329,75.4555287100043,1959.0107873328518,100.0,1
19,1.7515796972073182e-07,0.046616563940979835,-0.30744534345786656,-1.5,24.699510373561406,94.63748337505797,1962.102690277416,100.0,1
20,5.311343573984349e-07,-0.3370841486936891,-0.0910781246363631,-1.5,34.223667451144905,129.69331575179703,1959.9545073040929,100.0,1
21,3.8622211328022054e-07,0.20166379322805078,-0.17997344392856268,-1.5,-102.71421850406807,20.36841627038471,1961.7462127405436,100.0,1
22,2.4025858043995696e-08,-0.1496290190452596,-0.4024104260822922,-1.5,127.92871294211804,24.500188441629607,1960.216128756579,100.0,1
23,5.356758326337833e-08,-0.4358647155874996,0.023839166155611543,-1.5,36.50773266903751,-13.590731704778001,1964.1526834065692,100.0,1
24,6.10777688398567e-07,0.35553935895537025,-0.3440524693469355,-1.5,-117.68884134289884,-45.920635290406274,1960.4728812569742,100.0,1
25,4.039221590381151e-07,0.3806087972104281,-0.30483324873678785,-1.5,-38.825499364930934,-115.46380225829098,1960.7585208875807,100.0,1
26,5.972541708525905e-07,-0.041142530208867066,-0.16753193719481788,-1.5,140.1078963721158,-29.630648113564828,1959.3124019238694,100.0,1
27,4.3749305343469434e-07,0.33895685903126976,-0.046978933897516735,-1.5,-24.331762292196544,94.44809433102637,1962.1164106869717,100.0,1
28,4.217756842718102e-07,0.016502832714177504,-0.3598573251488244,-1.5,-89.44846617905547,-23.860980625408654,1962.3564690870871,100.0,1
29,4.442921041536249e-07,0.4020509392611151,0.2784554585685632,-1.5,-156.74090362268373,8.956797508134086,1958.2556909597056,100.0,1
30,4.158437695195468e-07,0.49581049193953236,-0.028638305507269833,-1.5,-29.877584907989174,-90.64027474769952,1962.2193956792546,100.0,1
31,3.01373985796761e-07,0.14178695494558216,0.09961775967668147,-1.5,96.63438991464557,-49.872524579323915,1961.5269083660412,100.0,1
32,2.4604288846659693e-07,0.08436603165431054,0.22771745204408103,-1.5,-37.245399266650665,-154.74238299935791,1958.080912884674,100.0,1
33,3.301111797417555e-07,-0.07313663371186777,0.20330826966247056,-1.5,-10.32284668471305,48.44719496075946,1963.9143551598397,100.0,1
34,6.780181121767078e-08,0.15799259097545432,-0.10049227626386859,-1.5,79.30599265807172,131.7131165821722,1958.5135947230135,100.0,1
35,1.9313407264207534e-07,-0.19909318635147968,0.32250234568010505,-1.5,-81.71682107102863,150.42756655614272,1957.0659658376806,100.0,1
36,1.7151900284324965e-09,-0.43138688766717925,0.14782325227968707,-1.5,-126.71303472217848,90.4461977786596,1958.3606864939388,100.0,1
37,6.764229003706907e-07,0.12396166257190712,0.41460587636363355,-1.5,-92.9404675699877,111.79440542841873,1959.1522061006158,100.0,1
38,1.2235977193134426e-07,-0.4794068913411101,0.10453849692586263,-1.5,-38.509410937824406,94.16519786842693,1961.9029606598165,100.0,1
39,1.709359016069105e-07,-0.23046099838778203,-0.3353246298060598,-1.5,137.72765104871056,66.76091343608735,1958.5676809443976,100.0,1
40,5.044554776846663e-07,0.258367506583205,0.2550566546109561,-1.5,-78.74286719354221,63.91980795690319,1961.9192402550682,100.0,1
41,6.992100462476822e-07,0.2595179156647467,0.2893354254258417,-1.5,6.698886297180599,167.8085270243985,1957.347365555335,100.0,1
42,1.3116808931037212e-07,0.3001805871113816,0.34929489288554866,-1.5,31.79769207415282,-21.53688048140835,1964.163525734051,100.0,1
43,1.6029038658507243e-07,0.25644782830817714,0.030565025056596144,-1.5,31.01021891613367,-96.3448201989429,1961.9300008434905,100.0,1
44,1.9177988300300335e-07,0.08989965425694871,-0.4452595448167342,-1.5,-95.38335348649686,-133.82206190848927,1957.6534315068031,100.0,1
45,7.390653800884509e-07,-0.33266563109332015,-0.12869920520944894,-1.5,76.23000994969365,-105.99460441132271,1960.1957595314016,100.0,1
46,3.719611092301707e-07,0.10402475625505103,0.47222115406641746,-1.5,-34.23417642932562,-36.6426833565479,1963.898831708693,100.0,1
47,5.268495834730431e-07,0.47853378442305794,0.02658724154184968,-1.5,-7.007835279982159,-140.94493502877094,1959.4638812186754,100.0,1
48,2.3049360193008477e-07,0.23290309447198485,-0.43365386613892115,-1.5,-153.02139171469562,5.71763712509308,1958.561984867861,100.0,1
49,7.181967269189036e-07,0.1937433982585708,-0.3032386159894658,-1.5,40.05229541897347,145.8858109174883,1958.7052943387755,100.0,1
50,1.3041948566195681e-07,0.036978086221767355,-0.27850280180829,-1.5,-68.29687471323999,-26.901689117581153,1963.1671152230408,100.0,1
51,5.982211318176666e-07,-0.12549772324830524,0.1073569097109192,-1.5,-36.70693318832846,-132.796979846132,1959.7017246167297,100.0,1
52,6.058756819517989e-07,-0.3117918947042585,-0.2552652816806407,-1.5,-59.06100638385434,141.5981604541245,1958.539007716483,100.0,1
53,7.045463196526951e-08,0.039620614050117006,-0.10037653530622231,-1.5,86.35100403714992,59.09597051700122,1961.7503553297909,100.0,1
54,2.3245323524143547e-07,0.39066308282991224,0.008160794594313016,-1.5,110.80339468794935,-75.71491122030163,1959.949781553257,100.0,1
55,2.4168874018673664e-07,-0.10924511302496394,-0.4774637520797244,-1.5,73.46348029544436,-40.82771656444842,1962.7403039855133,100.0,1
56,6.093757497525915e-07,-0.004394515913907507,-0.3290404765439641,-1.5,-35.200767848397064,6.646942376881856,1964.2123129555148,100.0,1
57,6.314923292740113e-07,0.026358616585601822,-0.42403038421119604,-1.5,-8.682478830667165,38.61294343639358,1964.1402550293255,100.0,1
58,5.454645615269248e-07,0.3069808184197274,0.32527910978115254,-1.5,28.828159680765737,-158.22570174386897,1957.9445474229376,100.0,1
59,3.9892465611554565e-07,-0.4344777398939564,-0.03837492473878044,-1.5,-18.968565020347764,75.49105854822042,1962.996327018079,100.0,1
60,6.614007883379015e-07,0.21652478210848553,-0.0567680343866461,-1.5,-64.70563684702378,98.88360853064889,1960.9815141378333,100.0,1
61,7.599192643920363e-07,0.18207682735329372,0.2747583233682849,-1.5,58.876335445854934,1.3380243932431772,1963.656047550416,100.0,1
62,3.388011169024605e-07,0.23233051398823096,0.060562326636980524,-1.5,-118.49479777806246,-23.441904057809573,1960.8219568078616,100.0,1
63,1.6668685349781962e-07,-0.22169994881614535,0.08731133689294379,-1.5,-93.92975106203205,-32.81913212874431,1962.0176840940735,100.0,1
64,3.689157328008334e-07,-0.03130485454142338,0.13713914795341822,-1.5,125.64352986994531,-89.04050856857386,1958.494007522566,100.0,1
65,1.8185850655172925e-07,-0.13736394533237573,-0.2694070638887348,-1.5,-16.230821038768326,-4.86263907056126,1964.4658819780525,100.0,1
66,1.394823173555743e-07,0.18761543027331562,0.4047406888901667,-1.5,19.36778667060513,-79.1779956922513,1962.847171866361,100.0,1
67,7.655900985919192e-07,0.317821954817351,0.28634900993108464,-1.5,99.0044594555415,-68.82073074008227,1960.835309324689,100.0,1
68,7.018250108304217e-09,-0.05126922264401833,-0.4329153995797355,-1.5,78.55811576806653,-97.86410861225386,1960.526593790207,100.0,1
69,3.9384050747201337e-07,-0.47133103351108163,-0.016736866751223954,-1.5,101.71547958305854,-99.171621378538,1959.395885724085,100.0,1
70,7.65823258000548e-08,0.14106237370436728,0.3763386215155491,-1.5,-41.9412409048333,125.14047102745961,1960.1005283118823,100.0,1
71,5.002371787265682e-07,0.18517069775247058,0.2144929345847448,-1.5,30.74569697587901,16.84340094783476,1964.226129606291,100.0,1
72,5.066854034811179e-08,-0.31447413303269556,0.1267516366412189,-1.5,107.81201147029627,-5.189158890228173,1961.5715457456229,100.0,1
73,4.012858433949771e-07,0.38299755548139885,0.10672511359301128,-1.5,-149.71834886210516,3.547994942220545,1958.8223793932991,100.0,1
74,2.463771888098018e-07,-0.3092345691359298,-0.3408536330861821,-1.5,-42.916729486174795,-80.20752482326196,1962.431704176751,100.0,1
75,4.3715742035182905e-07,0.011328614331407652,-0.011956387907834105,-1.5,-102.63142726660938,-82.81775486455459,1960.1074704930197,100.0,1
76,6.536890459722653e-07,0.03534058366034373,-0.3687897807342242,-1.5,55.19522743894776,28.02988558451746,1963.5633676172035,100.0,1
77,5.172760373610876e-07,0.28045081625678697,0.40912340460939045,-1.5,-57.128722743314356,-151.43327556140875,1957.860454260362,100.0,1
78,5.498905266344707e-07,0.2166138684591338,0.06269618276482745,-1.5,42.400323999302444,-59.90200369866819,1963.167656809721,100.0,1
79,2.633390055352777e-07,-0.4770859414430144,-0.1245251691048315,-1.5,143.81936330376007,24.389430349997063,1959.11572723314,100.0,1
80,6.12362734317493e-07,-0.14931439778299405,-0.42566178237178376,-1.5,-52.074964845440874,-62.73425952423656,1962.8463763077393,100.0,1
81,4.1154216153111596e-07,-0.40963641903481646,0.22680338345107096,-1.5,30.35938740749853,11.73922076185223,1964.2692749616274,100.0,1
82,6.389247325167064e-07,-0.16202043624362222,0.10151096249763777,-1.5,71.4103869394385,-9.808766525385517,1963.2161447488509,100.0,1
83,3.4857480604639747e-07,-0.025850158223427764,0.4900350845194738,-1.5,83.22743208932052,94.66688311234155,1960.4909237371498,100.0,1
84,1.0412528397444736e-07,-0.07197921307719236,0.1128709219086156,-1.5,-102.3017455423884,90.20946322257602,1959.7984314388575,100.0,1
85,4.276057341643066e-07,0.4804757086781538,0.10710304365949899,-1.5,-58.26586909987168,-4.691266926082774,1963.6691082712475,100.0,1
86,6.859783688534406e-07,0.4257320803353051,-0.1495370991104683,-1.5,148.53837092363972,31.808219415821764,1958.657161375384,100.0,1
87,7.013505214914795e-07,-0.4657376240437052,-0.06563056478200999,-1.5,84.91118423158814,130.16689175382936,1958.381974322085,100.0,1
88,1.8664517970398142e-07,-0.3724231330095627,-0.16971898122973358,-1.5,27.083018061908472,18.176426914318842,1964.2681624216734,100.0,1
89,1.0621954392345316e-07,0.24139763632722927,0.2522623866148644,-1.5,-63.14747883786327,111.42940912322801,1960.359448918744,100.0,1
90,5.466769377035126e-07,-0.043971304407707086,0.21178274728135035,-1.5,97.13398897667217,-102.99435154815697,1959.431151635797,100.0,1
91,1.2806447665983388e-07,-0.0690262976877324,-0.35974813706628916,-1.5,64.06461660818476,115.19747006437495,1960.1118728418908,100.0,1
92,1.9200250103075244e-08,-0.014154629970469108,-0.4292332367924528,-1.5,0.835225227090084,153.82647920866563,1958.5070852461108,100.0,1
93,7.17414904000505e-07,0.1744394439196203,-0.0445951392069977,-1.5,-82.62539018318384,58.520672569349216,1961.9280471121358,100.0,1
94,6.395617202676056e-07,-0.04013552748373605,-0.4724855689682829,-1.5,3.860805770903508,-135.14355922664438,1959.8812716194022,100.0,1
95,4.057039631147233e-07,0.10576609974876434,-0.32062703138014526,-1.5,-21.188167704354893,-60.25753402479428,1963.5002870915794,100.0,1
96,7.481479956355208e-07,-0.1226939556547912,-0.1931408671550122,-1.5,-140.65487982726407,-15.620470085265922,1959.4349930429498,100.0,1
97,6.862067539776473e-07,-0.1159258289440141,-0.14664939915537822,-1.5,-88.74835063364307,-78.77704772134803,1960.951604012258,100.0,1
98,6.735610305433366e-07,0.1671090832219577,-0.19192756766839678,-1.5,17.836547702818013,-39.70506478064453,1964.0566823956333,100.0,1
99,5.948840268401475e-07,0.2342718127486303,0.3073392399763629,-1.5,-36.62151801214704,56.74665885850315,1963.3776935151866,100.0,1
100,5.413442667141626e-07,0.020942456355704697,-0.4170116745152281,-1.5,41.141413689248225,149.5211680560225,1958.4085607066122,100.0,1
101,7.1601348451102e-07,-0.14651030683888172,-0.43550694225044795,-1.5,63.75851230097773,151.50337101323692,1957.6503433828327,100.0,1
102,7.61202945544598e-07,-0.16044186384635858,-0.17665316485433386,-1.5,18.097846444454788,-131.8935526667167,1960.0229195050645,100.0,1
103,4.224404662871684e-07,-0.1924771538792702,-0.025138238743785717,-1.5,7.457507891712524,59.8785847090913,1963.6120357482566,100.0,1
104,4.0016207571494347e-07,-0.1016324773842988,-0.21682377433496774,-1.5,168.32151792862362,28.884387036012853,1957.1016440271796,100.0,1
105,6.017541451207944e-07,0.17803228557358955,0.21775237409920445,-1.5,-1.759077746006241,-85.63121037922308,1962.6710085290922,100.0,1
106,5.940262966801108e-08,0.13993666645308334,-0.4373715406853506,-1.5,105.15988403154785,-76.98505510851349,1960.2112096267947,100.0,1
107,5.356732772515284e-07,-0.46190949907443074,0.021902557057432506,-1.5,-76.45571260135398,7.14736936424256,1963.037627094275,100.0,1
108,7.053002739771535e-07,-0.27918018897479935,0.09412682004638362,-1.5,-112.23599271007434,68.07126339317075,1960.1486350036246,100.0,1
109,2.4487949744152914e-07,-0.2024867391374737,0.4069145627925651,-1.5,60.46934943530311,1.7726165497914732,1963.6072931916835,100.0,1
110,1.3088621179361574e-07,-0.08183668825840855,0.43708588865336745,-1.5,43.21919504074566,165.18946902237732,1957.1044496322281,100.0,1
111,6.965635371884457e-07,0.04626187675578174,-0.08146648172186399,-1.5,-53.87650266664206,143.1970489156952,1958.5722386239368,100.0,1
112,2.1523992821243297e-07,-0.2652908159425732,0.3070753738014577,-1.5,-61.41498314829066,-67.66396293524197,1962.4125647352864,100.0,1
113,1.9186506206847678e-07,0.3816513573801877,0.16894311005251178,-1.5,65.7030495487587,155.28989454839558,1957.2893102955609,100.0,1
114,4.2575235845173833e-07,0.4500823237212467,0.14513169763101139,-1.5,69.34220958321424,-34.1262685728425,1963.0181715994233,100.0,1
115,5.134067886356882e-07,-0.39414174067899926,-0.30096154465526403,-1.5,-50.042119049361744,-42.7938404788974,1963.4351936858643,100.0,1
116,2.434945907245108e-07,-0.09179665188791157,-0.05830673780126875,-1.5,66.19165549836491,115.08469949733087,1960.0478215977605,100.0,1
117,7.545541701600695e-07,-0.36433552055273694,-0.07668464667700192,-1.5,-48.06647765555236,-52.89846562992753,1963.2383075739733,100.0,1
118,6.879998500611759e-07,0.029195426169169928,0.2546677287738018,-1.5,14.608605199904316,62.27143754348292,1963.4974262744815,100.0,1
119,3.3111869808143603e-07,0.1180990675897077,-0.3232424970779108,-1.5,-16.941852704348904,-90.75623669123188,1962.36835619481,100.0,1
120,3.9948873121920386e-07,0.4682368887073358,0.05374365159748355,-1.5,122.16785744227339,16.137733929257145,1960.670261522249,100.0,1
121,1.001960972084234e-07,0.020231106984145233,-0.05698394693193718,-1.5,-68.11751576230328,123.99950125224191,1959.4380352544192,100.0,1
122,2.386846869461062e-07,0.3506092037418788,-0.037833977303920324,-1.5,131.8390981457307,-29.459953573314387,1959.8887339850978,100.0,1
123,2.472473076921985e-07,0.3508855640063461,0.20707300229480766,-1.5,123.0926983907589,-70.86323665723609,1959.3978349379365,100.0,1
124,2.3956144220012225e-08,-0.1284143611248061,0.1434389019342164,-1.5,-70.0796952593998,108.40240370266604,1960.2936110312571,100.0,1
125,1.6973732150660377e-07,0.4030037284175034,-0.1226365519270868,-1.5,-42.182749458908724,34.216832995678935,1963.7879494115357,100.0,1
126,7.490285461822723e-07,-0.15639088280161573,-0.42047597941979387,-1.5,-4.627822337152857,-15.854712423478153,1964.4695206646795,100.0,1
127,3.817148462587456e-07,0.3769742765865269,-0.21512174257535968,-1.5,-14.294839523732568,-140.71688380468487,1959.4406606073635,100.0,1
128,1.482283264900308e-07,-0.3439234100035759,0.15234814828498866,-1.5,-94.62234474223959,-113.00969582067299,1959.0019670209958,100.0,1
129,3.099946472186437e-07,-0.4312573294529986,0.1900189909029912,-1.5,93.18621437217519,63.82356554465951,1961.2894146959243,100.0,1
130,7.361890034978534e-07,0.027473018143003767,0.015250004354248746,-1.5,-101.8039337959095,-135.86737830317196,1957.1891326192347,100.0,1
131,3.14366063916188e-07,0.14046142481542118,0.16076209829932672,-1.5,-108.64227453630149,-8.513361715426765,1961.51412564937,100.0,1
132,1.4974893787782898e-07,0.29751421611434514,0.2928893395470687,-1.5,-93.88953635795447,-114.16506443820025,1958.9702344064447,100.0,1
133,4.3485108515391465e-07,-0.21016874234848018,-0.12211524982142387,-1.5,-88.23086965399021,-98.4164810289554,1960.0874460513514,100.0,1
134,1.1787870501489045e-07,-0.2527586649996657,0.12873972816097892,-1.5,-25.0835329535078,-152.82443597664846,1958.425080111343,100.0,1
135,3.4407846425486605e-07,0.44635269749067785,-0.022907412326636064,-1.5,22.03977027905207,164.79703016307516,1957.4906062716134,100.0,1
136,7.078914800248518e-07,0.053705057727167896,0.02503714196700328,-1.5,48.22379148219745,-137.04331910248757,1959.159738482441,100.0,1
137,1.8560253498652161e-09,0.4137865701769903,-0.023439424052964314,-1.5,145.19603827924445,-11.036762731355234,1959.1349077086436,100.0,1
138,2.965348925910245e-07,-0.18226877592460575,0.41831498731097366,-1.5,161.6544510316634,-45.27937476047245,1957.3530348276684,100.0,1
139,3.2585086352588075e-07,-0.3747958909882878,0.30653235343877877,-1.5,86.9560834100589,-3.7390964552153627,1962.6099829007833,100.0,1
140,6.984612249488155e-07,0.3645845219526448,-0.24491279733659582,-1.5,35.27021300630127,-113.53178282223404,1960.9385081204935,100.0,1
141,2.184267707256369e-07,0.48529002601841,-0.020852735857986485,-1.5,-35.13190720500049,133.57582937962334,1959.6776605268062,100.0,1
142,3.8996904699905336e-07,0.1514874820996471,0.22031139084661003,-1.5,133.56718138958252,-106.2822239877224,1957.109394792738,100.0,1
143,5.160224542699849e-07,-0.06938575539765343,-0.03930339264957285,-1.5,-48.91342997011223,9.503105576805693,1963.9069360891535,100.0,1
144,1.4580318977290194e-07,0.17297736641297035,0.23655682292370003,-1.5,-90.63948011419242,-97.98288028529392,1959.9992668574541,100.0,1
145,1.4730722883028003e-07,0.0550551127690932,-0.002556409102255865,-1.5,-77.073007690746,-36.86139696748646,1962.6803802874372,100.0,1
146,4.77541276741525e-07,0.05304480153468157,-0.3879728466138193,-1.5,-41.33911690224781,-56.11816517161259,1963.3020947418267,100.0,1
147,3.0135337100653574e-07,-0.37635027241623925,0.17961457134335432,-1.5,76.21339460098584,10.179214488758287,1963.0336696913575,100.0,1
148,4.5438194533380736e-07,0.011964781178954035,-0.4812422432991908,-1.5,-158.0300258559311,-3.656223103447981,1958.1691523529632,100.0,1
149,6.026381070451477e-07,0.27709547186553174,0.41331475523886185,-1.5,-96.07579316772708,47.10125513190827,1961.622848561446,100.0,1
150,4.081714536686354e-07,-0.06345278166883128,-0.2940013829235289,-1.5,21.641820234561745,-117.4298582329862,1960.9067153432993,100.0,1
151,6.92163326219686e-07,-0.16419704427894052,0.18186017394964382,-1.5,88.70000421272451,-144.66570650996798,1957.1963184307203,100.0,1
152,3.1470980530639265e-07,0.3969445624156705,0.11341581636521997,-1.5,-81.43371027724409,105.88737280996433,1959.9922707439478,100.0,1
153,3.276706883139512e-07,0.3774330602893818,-0.2117229453687587,-1.5,59.50029545268478,153.29726965270913,1957.644745152756,100.0,1
154,7.803846600509431e-07,-0.26536924379345617,0.08944054246314456,-1.5,7.387581370248924,-70.20594114783336,1963.2701891831334,100.0,1
155,6.819985218484675e-07,-0.23679856199918803,-0.1103584521313892,-1.5,145.18165766770983,-23.438015259628497,1959.0268584130429,100.0,1
156,7.096991522716204e-07,0.11511908217640311,-0.17103539082778188,-1.5,44.97359327340917,-127.5182869480397,1959.8800342541497,100.0,1
157,1.749113047577425e-07,-0.41395494724805243,0.2781992727571921,-1.5,-120.57509645321079,82.14622301874387,1959.1138125247305,100.0,1
158,4.6650304403831324e-07,-0.019260794464816936,-0.46135937029286966,-1.5,-108.51167863721084,89.03748364061897,1959.5180091982857,100.0,1
159,7.546372305347596e-07,-0.2848130762546367,-0.2129484899598201,-1.5,119.76194139226224,70.51820127930704,1959.6166836778102,100.0,1
160,2.6367636163610234e-07,-0.15663399234848654,-0.47110676775857097,-1.5,126.57918784751988,-46.18557654369401,1959.912724584776,100.0,1
161,4.4391186003436945e-07,-0.008696556716752998,0.31443279358817283,-1.5,19.5781711966714,104.35773670205315,1961.6675162394747,100.0,1
162,1.9950831856733801e-07,0.4245638622380728,0.2224269587460749,-1.5,32.62100170268595,123.8967656197089,1960.3567909906144,100.0,1
163,6.378925739161476e-07,-0.014787047508367776,0.007531249154407151,-1.5,-128.0830734225887,109.6825359561205,1957.288367582812,100.0,1
164,2.2570313278616854e-07,0.33908601923792836,-0.34422832090009103,-1.5,78.42484495142604,-24.673861414472377,1962.817880121173,100.0,1
165,9.57261733290706e-08,-0.09111755103033461,-0.406658341194386,-1.5,-32.10031088036121,162.13828259735996,1957.5735065697772,100.0,1
166,1.6011074134950306e-07,0.23292647394793556,0.42642654363067595,-1.5,146.81590913978243,-78.23056891092176,1957.4826571843398,100.0,1
167,2.4868094680074e-07,0.05308531437509996,0.18900603529149435,-1.5,-125.5322531073823,38.306372397859086,1960.1498824145137,100.0,1
168,6.524770596565668e-07,-0.41623985849221395,-0.12908863157755884,-1.5,21.12310547315724,-52.23609048718506,1963.73075841163,100.0,1
169,2.4733633767379125e-07,-0.44366649359604743,-0.06045463635024328,-1.5,158.55503107119353,-57.17092988940993,1957.2953464318368,100.0,1
170,5.240342089908665e-08,0.13687945597585752,0.14943171214640982,-1.5,-106.9637412610858,26.547028986209362,1961.4452068751673,100.0,1
171,2.785787668563386e-07,-0.4361569348341854,-0.17094419389064858,-1.5,51.26028958678332,113.28703809728833,1960.5998357586268,100.0,1
172,3.034469362687044e-07,0.22245215179413252,-0.4423868818480088,-1.5,158.17768633963394,17.222773473327884,1958.0849016026496,100.0,1
173,7.244825073314587e-07,0.3438904210389814,0.12077935719962378,-1.5,43.63186288470756,-46.06216768206024,1963.5141515954936,100.0,1
174,2.3520715822315023e-07,-0.3088876108506288,0.3680526919442795,-1.5,134.1872835369336,49.27417308619141,1959.3312928317614,100.0,1
175,1.1489920778486056e-07,-0.30073895358700686,0.28213453625649815,-1.5,-70.16052275623728,-104.93961432365667,1960.4791416024566,100.0,1
176,6.601772272837839e-07,-0.3778834644434703,0.0035603273780922557,-1.5,-131.18150498530895,-55.90141927309849,1959.3569685841255,100.0,1
177,7.063797643020781e-07,-0.30469117796597656,-0.04216668901229662,-1.5,-140.63482455429505,29.540300887092965,1959.2760150147844,100.0,1
178,1.4836175372489653e-07,-0.1059214065911856,0.4068899704107396,-1.5,-101.74637379548088,-127.07515256271915,1957.7826404600596,100.0,1
179,1.8121544474918669e-07,0.2643310365703037,0.0481261114739575,-1.5,23.940059329812804,-32.12903058916859,1964.1303126877342,100.0,1
180,2.7753497075947584e-07,-0.48217865689967393,0.10740015090380983,-1.5,67.7581476287053,-150.49907499055033,1957.5934583368035,100.0,1
181,2.998435679976308e-07,-0.04854818266235121,-0.25088116180475556,-1.5,-92.92517489018697,10.87641790362875,1962.309838346469,100.0,1
182,3.981862499983332e-07,0.33466294455752216,0.3250876403598411,-1.5,2.106308163249015,-35.252921632073466,1964.2214949563238,100.0,1
183,5.794039383954122e-07,0.1606960422802438,-0.23878205014511625,-1.5,27.475693089765418,-144.51995249260375,1959.0233168308396,100.0,1
184,7.18042485192394e-07,0.15902958744464624,0.29855260688416924,-1.5,-91.8454924057568,65.7493732197679,1961.2890433875582,100.0,1
185,5.355487433567205e-07,0.36960553538500474,0.26651008950490973,-1.5,48.709413127795536,115.19229436187467,1960.5538540571958,100.0,1
186,4.1669811420475805e-07,-0.24859356374763136,-0.42261735271171524,-1.5,-58.06615221870058,17.981068204971553,1963.5983014402038,100.0,1
187,5.067941576320635e-07,0.13187639458837577,-0.25551188256591617,-1.5,143.38190996653978,35.24044249488822,1958.9826506054724,100.0,1
188,7.254734466123269e-07,-0.08864232446171388,-0.4548131737700819,-1.5,-125.3547777448935,-83.48390079999616,1958.7572346439147,100.0,1
189,6.348207976129543e-07,0.2953315196438144,0.16267679222687184,-1.5,27.528631438082186,20.483002819349963,1964.239269364295,100.0,1
190,4.4055624509953453e-07,0.4671814725063887,0.1162482800364951,-1.5,-117.43209507969989,6.380769202185136,1961.0156233685932,100.0,1
191,1.9109134395695816e-07,-0.27431962025732587,0.23261280688169197,-1.5,-125.80887174316447,106.1184511185185,1957.6323169556254,100.0,1
192,7.520600150231631e-07,-0.15361203379972016,-0.3802493102642687,-1.5,-143.0234780750193,42.325871338619784,1958.8685743563508,100.0,1
193,3.516573786374216e-07,0.010183010781168636,-0.039171308769234595,-1.5,59.85387836970772,-56.207913923227196,1962.8223225556192,100.0,1
194,6.411903541268376e-08,0.275200818753011,0.2695529782778765,-1.5,-20.823715574554143,-122.72890820700914,1960.591052266157,100.0,1
195,1.4511016200005983e-07,-0.18160162793206736,-0.08060311393788702,-1.5,-69.86873685735222,135.12049953244903,1958.6408799170385,100.0,1
196,3.513010826214145e-07,-0.4179324083411824,-0.09049101263269385,-1.5,47.670821446953944,105.6206745936343,1961.118316712964,100.0,1
197,5.387323508690209e-07,0.06073498977823683,-0.1576209735060214,-1.5,37.196580082778766,-114.80955034513168,1960.8285156652087,100.0,1
198,7.080848925368957e-07,0.40894849487547325,0.011158314651937269,-1.5,103.89981282323956,93.11984530330199,1959.5782223662611,100.0,1
199,7.280449405326651e-07,-0.28009449252932284,0.18110863576367034,-1.5,-133.20461295775857,-18.69387220635041,1959.928661072856,100.0,1
200,7.184398614564798e-08,-0.4760336961777342,-0.03542105955206409,-1.5,86.13399870601947,-142.83836080210955,1957.4451264892227,100.0,1
201,2.307132378810192e-07,-0.20873199231814077,-0.09065620239157729,-1.5,-41.810003073297395,-14.475236052674122,1964.040650661376,100.0,1
202,7.19874953758221e-07,-0.20460726848528324,-0.02789952010295275,-1.5,119.42350469873136,-45.33415053112299,1960.38162804777,100.0,1
203,3.8447492014400816e-07,-0.059398445559898705,0.010750262839071795,-1.5,-115.59020497336476,-99.85364626470688,1958.5916981617147,100.0,1
204,2.8747861827485223e-07,-0.1992551260239447,0.2311761279629036,-1.5,45.10230694602496,106.51306594090825,1961.1308051627116,100.0,1
205,2.998975361214591e-07,-0.2977651826353746,-0.19084360766025385,-1.5,-69.13592590459301,16.64232595578376,1963.2515231121629,100.0,1
206,4.672851132502448e-07,0.3393589924793376,-0.2340785640574182,-1.5,-114.96084278282565,-82.36286545971454,1959.4421780920352,100.0,1
207,6.190750381865061e-07,-0.0697467255398919,0.4877039863111051,-1.5,-7.77166845729211,-166.47485271096483,1957.457281998865,100.0,1
208,7.084053789706934e-07,-0.21433148211402173,-0.3901088131723874,-1.5,55.9568223571706,-158.6201516731594,1957.3251563756603,100.0,1
209,5.361311467124604e-07,0.40676931143254696,-0.28228470373772163,-1.5,-27.817635783147388,82.41765650067893,1962.6122376319026,100.0,1
210,7.28436661182996e-07,0.2121503497918645,-0.39154006340581315,-1.5,104.416449320955,-61.2092760383162,1960.806955287593,100.0,1
211,3.621122972891986e-07,0.1678381991949894,-0.299835344514467,-1.5,14.838477430758845,93.57793233611127,1962.2528574150087,100.0,1
212,1.0059524082792062e-07,-0.3132636706858736,0.30137826617914976,-1.5,-95.34745079607498,-71.72114435588975,1960.9126006390757,100.0,1
213,1.4550536642811452e-07,0.2077386474566393,-0.44833660466624886,-1.5,-63.70311076813172,34.914735674044,1963.195395567493,100.0,1
214,6.052477437298415e-07,-0.040939776854078284,0.33325034801268266,-1.5,-95.75210759066164,-14.909095282833016,1962.1474305046308,100.0,1
215,5.783962025544204e-07,0.028192339598462977,-0.29322572615352693,-1.5,67.408389494595,93.69392204052593,1961.145288922914,100.0,1
216,1.818037038287616e-07,-0.03746468273481638,0.031563299742510945,-1.5,12.866925243025365,-108.1310828804,1961.5186456967554,100.0,1
217,6.476564135184291e-08,-0.3152517201497501,-0.16612728443539893,-1.5,-66.2811146155202,-131.6383127568262,1959.0026683815395,100.0,1
218,4.604834864857217e-07,0.18640811920597872,-0.19668958573853682,-1.5,-24.310630062737545,-50.10841387335729,1963.749328807315,100.0,1
219,4.0983153347047356e-07,0.027287484723324658,-0.4224132360614693,-1.5,-124.0417813251441,-82.79241382187432,1958.870168991647,100.0,1
220,3.0632280213390845e-07,-0.134573810834744,0.2729859457304564,-1.5,152.38019691831227,-40.03851013435309,1958.2110406081079,100.0,1
221,3.9589231071133636e-07,-0.3064520150438051,-0.13384486821636113,-1.5,85.5704880513255,136.94936908594917,1957.890662970675,100.0,1
222,5.117587826802312e-07,-0.10738063836720436,-0.2622435186172975,-1.5,119.79255501466719,-90.98613289709942,1958.771184607743,100.0,1
223,6.833374003597404e-07,-0.04594705694504731,0.07086901893966951,-1.5,13.704679404632918,162.73900876829475,1957.7388699858977,100.0,1
224,3.573150908725546e-07,0.11333741107431493,0.16363187998606032,-1.5,-153.45697557294235,-60.69054204485913,1957.5956939624784,100.0,1
225,6.161061295529831e-07,-0.21701929015307403,-0.01777916598283017,-1.5,-26.695590159788203,77.73220687216846,1962.8189768154714,100.0,1
226,3.186760767565971e-07,0.27027392069864425,-0.3177208920463184,-1.5,-37.686390262972544,2.707378136870018,1964.1755757464,100.0,1
227,3.9383621586371835e-07,-0.02386652838869327,-0.26966077618156903,-1.5,-107.93229764484238,31.191891458475748,1961.323780332681,100.0,1
228,3.1776920492912345e-07,0.08771886759878728,-0.1603381558699053,-1.5,-38.31789444599885,32.61179553176447,1963.8944717126608,100.0,1
229,7.292876279261674e-07,0.0739426922190054,-0.07002897386003043,-1.5,-108.30235732794974,117.92845831478235,1958.0032595434664,100.0,1
230,3.351516339968189e-07,-0.42817356449982663,-0.1804741355440806,-1.5,-163.77336072027276,-4.696308293162407,1957.694950004452,100.0,1
231,3.0458850171558187e-07,0.10963163777793053,0.11133160531327983,-1.5,121.90762893077242,69.804961895389,1959.5099090255685,100.0,1
232,5.120407238330451e-07,0.3476519193920383,-0.3448589042968116,-1.5,-34.373059295069766,120.6353219353456,1960.5302594355396,100.0,1
233,1.950247500813643e-07,-0.4467212128455126,0.0944994923806104,-1.5,27.78007651790096,-148.99737452299456,1958.683572198441,100.0,1
234,5.971524453698154e-07,-0.12614339995680493,0.21545396694210348,-1.5,-37.46367342697358,47.6866497357683,1963.6027456887675,100.0,1
235,6.415141647373748e-08,0.11807204150032216,0.45442067520641455,-1.5,55.12109013997818,-118.7438022911206,1960.172150885059,100.0,1
236,3.2665293365222924e-08,0.09542254346247739,-0.15965365166762702,-1.5,-21.46829240213037,-93.11643706146666,1962.2134766218599,100.0,1
237,7.678032089639258e-07,-0.1499871906376381,-0.3684838111559663,-1.5,71.97222594253523,149.72096486342008,1957.5027248102042,100.0,1
238,1.9068544444666404e-07,-0.06401141325091668,-0.0241680954667843,-1.5,107.84122832224587,67.61919209132658,1960.4109774741103,100.0,1
239,6.346906268456914e-07,-0.26901134202961846,0.07069023749839456,-1.5,63.40951454072733,-42.41382988215048,1963.0572041503447,100.0,1
240,2.9619863823509754e-07,-0.04852820960717859,0.2924207729278364,-1.5,92.90636373675314,-91.17907138838652,1960.22143412016,100.0,1
241,1.1342321344559451e-07,0.062400824834667676,-0.3353815380736464,-1.5,139.65416803529538,44.896195148531625,1959.054448267757,100.0,1
242,3.7176217614539616e-07,-0.1536610914319413,0.09430662796470299,-1.5,32.91697277177263,-5.48678402950082,1964.2554962047802,100.0,1
243,4.5416928682020376e-07,-0.28160431519074736,-0.21271570921307661,-1.5,-54.255348945922194,35.23309095082513,1963.4735222760041,100.0,1
244,4.4161702355714525e-07,0.003744294126619692,0.05196150957415605,-1.5,-104.10361599864783,-89.89897839285693,1959.7178105753028,100.0,1
245,2.3144105046008298e-07,0.2855419985774243,-0.30793259805115886,-1.5,-48.073593749035176,-41.24812464581984,1963.517458049046,100.0,1
246,8.19705479430152e-08,-0.22502674062799682,-0.1338970655765338,-1.5,-71.49797178660143,127.64079945500146,1959.0837533426236,100.0,1
247,5.812068514383741e-07,-0.1745466886523308,0.1522199730227733,-1.5,-42.984949085537956,117.9610828826658,1960.5230841138784,100.0,1
248,6.675706756041823e-07,-0.2175149537124263,0.37858827179154103,-1.5,131.48035887648376,-89.1260798997011,1958.10692848413,100.0,1
249,4.454787094430261e-07,0.3756976910364541,-0.05154662733593729,-1.5,81.4620805689387,34.497770769707245,1962.546080862162,100.0,1
250,5.304745987320439e-07,-0.38212055915867177,-0.004092701611272482,-1.5,7.591359345878758,-12.482155279958656,1964.4846279187273,100.0,1
251,4.867416581729213e-07,-0.18462394601704757,0.2539643943307243,-1.5,-138.261935818849,-61.81568076250701,1958.692355879714,100.0,1
252,5.079216701592501e-07,0.020842893848451918,0.4017587480891665,-1.5,33.476925398978274,12.529274496499317,1964.2137355727236,100.0,1
253,3.172435583121038e-07,0.1663851701197908,-0.47046295706334257,-1.5,-93.25353574104321,-94.36110176364461,1960.054347923005,100.0,1
254,2.881129723451989e-07,-0.11293451472729145,-0.24779913396854145,-1.5,-103.49642204906212,61.1308776768992,1960.858177605822,100.0,1
255,3.8615496056817297e-07,-0.15103308176457925,0.021408765027981863,-1.5,-68.53205637422026,115.77319616563297,1959.926838064331,100.0,1
256,1.4611559896658946e-07,0.004282015317186338,-0.07379024727536335,-1.5,156.1939014017191,68.64268909414716,1957.1164841840573,100.0,1
257,7.02969617779437e-07,-0.12703928809182638,-0.2326465350442777,-1.5,127.172791119895,102.78201374028153,1957.7222032546904,100.0,1
258,7.294655112543528e-07,-0.1359773604374493,0.18506590368993836,-1.5,139.07911747558683,18.861460984995965,1959.5189538858394,100.0,1
259,2.7439116210171224e-07,0.11513795957308776,0.2651409514654048,-1.5,130.85872741294676,-79.70399202316946,1958.55471033657,100.0,1
260,6.821350109248311e-07,0.17163137395152936,0.3539289979361782,-1.5,-25.046907452099095,106.65105642468365,1961.4819629190365,100.0,1
261,2.7667608688216634e-07,-0.12601996138175922,0.22070553236397578,-1.5,-48.19840843100102,1.9276463645255655,1963.946660138799,100.0,1
262,5.19066671382874e-07,-0.04696667232092908,0.44484383954317114,-1.5,-76.23420816358393,49.37666049724845,1962.438171553423,100.0,1
263,2.5342196800562853e-07,-0.041563011700406466,-0.18081705634739823,-1.5,-129.4174314691624,50.84202743854282,1959.6120797096537,100.0,1
264,7.063690419267798e-07,0.04583333592700572,0.3198976687924875,-1.5,-61.25012603826036,133.72721847876844,1959.0249460801565,100.0,1
265,2.2125098973217593e-07,-0.025086195504670287,-0.46819492973424864,-1.5,144.16579889487656,-71.43698497956656,1957.9392906502903,100.0,1
266,1.5876449928595503e-07,0.10424984497069566,-0.34663148639805186,-1.5,5.979625187366605,91.32425373312643,1962.4060260376386,100.0,1
267,5.276871479175944e-07,-0.368304896717608,0.07191097333167044,-1.5,-118.27293641162554,4.5351483528146925,1960.97022700706,100.0,1
268,2.407587003982992e-07,-0.26019815536096014,-0.2996255725659192,-1.5,94.15297942644072,-115.35856089175013,1958.8876703783296,100.0,1
269,1.9967644064420784e-07,-0.09712385229786923,0.2787861710296714,-1.5,4.793636735199709,158.72149516238414,1958.1107717099153,100.0,1
270,1.4034644890908382e-07,-0.20530193688736037,-0.16851827452074694,-1.5,-106.13922794556733,-13.768239852146673,1961.621315679615,100.0,1
271,6.12480089169619e-07,-0.32220819251663296,-0.1207479760867722,-1.5,14.454059276974304,39.07044256746728,1964.0972142320581,100.0,1
272,6.050340703360685e-07,-0.30588971925584435,-0.24674592795887398,-1.5,131.4777990368835,97.55614008491109,1957.7052061427128,100.0,1
273,2.837300389746704e-07,0.39743594374765834,-0.22046105308504846,-1.5,-13.581983684338917,-41.18225233061918,1964.0602939009552,100.0,1
274,5.699406026956681e-07,-0.032873613605963935,0.242791758482977,-1.5,-73.17546667311758,-142.63764440518725,1957.987012148406,100.0,1
275,5.66031429238451e-07,-0.45539961549029073,0.12958962812115765,-1.5,37.38145753353639,82.62843616366028,1962.4445098998208,100.0,1
276,3.601394668035184e-07,0.3263725037054308,0.17027513192240115,-1.5,18.33195687437523,-9.919598419637746,1964.42837161106,100.0,1
277,4.985438159374332e-07,0.059272531992515955,0.32991104209867056,-1.5,-48.5932276788219,98.88890101354859,1961.4466522814782,100.0,1
278,4.2529516209179794e-07,-0.2590610962492834,-0.017964111048478917,-1.5,-11.831585122432571,55.555222197141426,1963.717626632263,100.0,1
279,4.3090360374928357e-07,-0.131905533670089,0.2001538046450728,-1.5,-146.18659321082671,80.38097008222692,1957.4426341224369,100.0,1
280,4.3838033849850705e-07,-0.4454733605139126,-0.010938745101155677,-1.5,13.2636917235001,137.83735103586105,1959.652577730913,100.0,1
281,1.7734750070844522e-07,-0.32086913922243926,0.09062471676402466,-1.5,-44.88517330643714,148.1429098350305,1958.4310776100833,100.0,1
282,2.4366423415701096e-07,-0.43662818884255306,0.24330912640682179,-1.5,143.928716356855,-47.4073512421284,1958.6858742335905,100.0,1
283,5.526070491431479e-07,0.21652243701014984,-0.44823468724805693,-1.5,8.037543682930961,-68.41138012313861,1963.3309876908997,100.0,1
284,3.49100812085682e-07,0.31738959409463696,-0.16505286149536236,-1.5,-14.701015006481988,152.94929678478286,1958.5207885128386,100.0,1
285,3.956354815885269e-07,0.31517174613002946,-0.21848254087882268,-1.5,-39.45125343488281,107.73327023246475,1961.1859746983625,100.0,1
286,7.057490360825716e-07,0.2662369331219783,-0.01615859601724634,-1.5,92.6420691232398,-21.731204446113814,1962.233036121861,100.0,1
287,1.4801159211587907e-07,-0.28674808120697587,0.2936614517205796,-1.5,6.517168114852277,-93.33467096437566,1962.3097237647949,100.0,1
288,4.424111623223548e-07,-0.46170013104613006,-0.08543154559854106,-1.5,-56.29622775349142,111.74655699453791,1960.5501085171795,100.0,1
289,7.66228402404322e-07,-0.4652211238811079,0.05474724716677273,-1.5,97.45178113378421,-112.61254727387487,1958.8861250252587,100.0,1
290,3.380590052046426e-07,0.3255484420025383,0.3406183039535312,-1.5,-31.614420973550033,125.10582527711573,1960.2964947003222,100.0,1
291,4.986162738949663e-07,0.01961216596275456,0.14473821568148437,-1.5,84.27860368875976,13.859215325454539,1962.6814120934062,100.0,1
292,1.1514610243880472e-07,-0.2832797054363527,0.015813981877236344,-1.5,-124.64012301530452,25.29735873654768,1960.4178558771127,100.0,1
293,5.64754045940458e-07,0.07840158388987593,-0.29405159130160924,-1.5,60.47956415741293,75.23368326371246,1962.165997434477,100.0,1
294,4.4933682893229166e-08,0.217830797682791,-0.4312157176931751,-1.5,-47.60714932105047,40.389233806395524,1963.5466776708383,100.0,1
295,7.402828971423595e-08,0.11172512093309356,0.4267099351109416,-1.5,47.76182780697338,-57.514389630646704,1963.1159387708312,100.0,1
296,5.41176001414366e-07,-0.10913659551776007,0.21242218750216754,-1.5,38.059919412996344,-69.96198050406451,1962.923852339758,100.0,1
297,4.610009003090007e-07,-0.1668903374049028,-0.22446185515524048,-1.5,89.77744492606254,-40.60661607466703,1962.0663595759556,100.0,1
298,7.343414864269002e-07,-0.052895796278536356,-0.4557844583960343,-1.5,-33.12592010039128,-49.74000716487911,1963.6297745173024,100.0,1
299,1.7100005085749532e-07,-0.12363916417324514,-0.4311865813542228,-1.5,-11.823388533717264,34.26750522578159,1964.20447811202,100.0,1
300,2.0525618124878076e-08,0.05419023296459317,0.3556464939363714,-1.5,42.09727477286549,-165.72509664734582,1957.0836206110503,100.0,1
301,4.0968566805142704e-07,-0.18901173699331575,-0.17913961431316855,-1.5,138.3050941422595,-82.35329694377963,1957.9333292231688,100.0,1
302,2.8610920436456873e-07,0.4148435794422804,0.016716512499658744,-1.5,14.409839783188922,-149.91163437837315,1958.7578065349373,100.0,1
303,1.6135827831524643e-07,-0.10617533333185591,-0.12752922996473795,-1.5,-31.402307150267383,-145.5375707999447,1958.8889700178065,100.0,1
304,1.339802164226921e-08,-0.004248539690525022,-0.44336989791581566,-1.5,111.56154544960843,72.18427977283127,1960.0399836729616,100.0,1
305,2.1388321763708437e-07,0.3615013010617595,-0.10135486559610485,-1.5,122.77186162569828,115.87945453036313,1957.271649076039,100.0,1
306,4.91930657280426e-07,-0.36432621675292404,-0.1174367237838406,-1.5,1.9865141201027492,-56.31748042054059,1963.7305521447854,100.0,1
307,2.6781329241699775e-07,0.4004732077360789,-0.1685895406163676,-1.5,59.690830173449704,-20.483729040559297,1963.5250718806542,100.0,1
308,4.856913869665707e-07,-0.34145363306702026,0.2149279572923393,-1.5,-21.873052754689134,-41.893354036742494,1963.9704179841594,100.0,1
309,1.9522524156802808e-07,-0.16689940472140924,0.020465785508049984,-1.5,-96.18556793134067,138.9693683719681,1957.2555115370483,100.0,1
310,2.3933839075120923e-07,-0.40993583790480426,-0.06513846201266622,-1.5,-86.48576158283748,-143.98900005307914,1957.3453111736014,100.0,1
311,7.253095187859851e-07,0.32152289157316916,0.31099587332516077,-1.5,49.08744775221205,-108.41361177970764,1960.930951747201,100.0,1
312,6.698308789775015e-07,0.079541824791418,0.26925501536171015,-1.5,-77.2605863798044,-29.41004401243107,1962.7988020603555,100.0,1
313,3.489526545039634e-07,-0.30736045101716253,0.218818880854214,-1.5,20.128386488474415,140.5307379739687,1959.4027778912618,100.0,1
314,4.332958986088355e-07,-0.19357808374502639,-0.15965772890825095,-1.5,-76.81648244128186,-126.69774573160342,1958.9436427620906,100.0,1
315,3.626051892625291e-07,-0.04586497873725669,0.43840517722525707,-1.5,50.57420228486148,151.49244121695693,1958.0361530328055,100.0,1
316,5.08184002540132e-07,0.11385765259660018,0.20561787104741866,-1.5,44.91431261733422,-25.48455093011361,1963.860109186022,100.0,1
317,2.1252081098583878e-07,0.23337767274287685,-0.21715854681219993,-1.5,102.5880180516054,96.98729666257226,1959.4597339839522,100.0,1
318,2.169994301466764e-10,-0.17642009395692182,-0.21835976261378898,-1.5,7.141121554789187,28.725501051142835,1964.3159461345397,100.0,1
319,7.025193228690332e-07,0.2026872530783736,0.2897059216037222,-1.5,-81.37773167069139,-102.95779642101034,1960.1506684972953,100.0,1
320,2.8951529086204796e-07,-0.38632146306989673,0.06727245474445084,-1.5,-94.37630279505666,111.47998094935073,1959.101481185801,100.0,1
321,6.479077064747718e-07,0.21793622105539484,-0.31604124478884266,-1.5,3.8227949960085126,148.780828271596,1958.8932940932152,100.0,1
322,7.564202395839051e-07,0.4254927879646717,0.15813122602680493,-1.5,14.663516169299994,132.6013777511792,1960.0038627967479,100.0,1
323,6.240977637891512e-07,0.17421010041947965,0.44198309308368605,-1.5,154.98339993102235,11.115861239089952,1958.384505055344,100.0,1
324,1.8398399486831904e-07,0.4932771582779917,0.012012137662809019,-1.5,18.478675547990385,-22.4569751187996,1964.3236772702805,100.0,1
325,4.009299208518525e-07,0.09106200709968797,-0.0649714791090014,-1.5,-72.99172838358346,74.62912395427107,1961.7634892390893,100.0,1
